İL KODU,İL ADI,İLÇE KODU,İLÇE ADI,ETKİNLİK DURUMU
1,Adana,1104,Seyhan,ETKİN
1,Adana,1219,Ceyhan,ETKİN
1,Adana,1329,Feke,ETKİN
1,Adana,1437,Karaisalı,ETKİN
1,Adana,1443,Karataş,ETKİN
1,Adana,1486,Kozan,ETKİN
1,Adana,1580,Pozantı,ETKİN
1,Adana,1588,Saimbeyli,ETKİN
1,Adana,1687,Tufanbeyli,ETKİN
1,Adana,1734,Yumurtalık,ETKİN
1,Adana,1748,Yüreğir,ETKİN
1,Adana,1757,Aladağ,ETKİN
1,Adana,1806,İmamoğlu,ETKİN
1,Adana,2032,Sarıçam,ETKİN
1,Adana,2033,Çukurova,ETKİN
2,Adıyaman,1105,Adıyaman Merkez,ETKİN
2,Adıyaman,1182,Besni,ETKİN
2,Adıyaman,1246,Çelikhan,ETKİN
2,Adıyaman,1347,Gerger,ETKİN
2,Adıyaman,1354,Gölbaşı / Adıyaman,ETKİN
2,Adıyaman,1425,Kahta,ETKİN
2,Adıyaman,1592,Samsat,ETKİN
2,Adıyaman,1985,Sincik,ETKİN
2,Adıyaman,1989,Tut,ETKİN
3,Afyonkarahisar,1108,Afyonkarahisar Merkez,ETKİN
3,Afyonkarahisar,1200,Bolvadin,ETKİN
3,Afyonkarahisar,1239,Çay,ETKİN
3,Afyonkarahisar,1267,Dazkırı,ETKİN
3,Afyonkarahisar,1281,Dinar,ETKİN
3,Afyonkarahisar,1306,Emirdağ,ETKİN
3,Afyonkarahisar,1404,İhsaniye,ETKİN
3,Afyonkarahisar,1594,Sandıklı,ETKİN
3,Afyonkarahisar,1626,Sinanpaşa,ETKİN
3,Afyonkarahisar,1639,Sultandağı,ETKİN
3,Afyonkarahisar,1664,Şuhut,ETKİN
3,Afyonkarahisar,1771,Başmakçı,ETKİN
3,Afyonkarahisar,1773,Bayat / Afyonkarahisar,ETKİN
3,Afyonkarahisar,1809,İscehisar,ETKİN
3,Afyonkarahisar,1906,Çobanlar,ETKİN
3,Afyonkarahisar,1923,Evciler,ETKİN
3,Afyonkarahisar,1944,Hocalar,ETKİN
3,Afyonkarahisar,1961,Kızılören,ETKİN
4,Ağrı,1111,Ağrı Merkez,ETKİN
4,Ağrı,1283,Diyadin,ETKİN
4,Ağrı,1287,Doğubayazıt,ETKİN
4,Ağrı,1301,Eleşkirt,ETKİN
4,Ağrı,1379,Hamur,ETKİN
4,Ağrı,1568,Patnos,ETKİN
4,Ağrı,1667,Taşlıçay,ETKİN
4,Ağrı,1691,Tutak,ETKİN
5,Amasya,1134,Amasya Merkez,ETKİN
5,Amasya,1363,Göynücek,ETKİN
5,Amasya,1368,Gümüşhacıköy,ETKİN
5,Amasya,1524,Merzifon,ETKİN
5,Amasya,1641,Suluova,ETKİN
5,Amasya,1668,Taşova,ETKİN
5,Amasya,1938,Hamamözü,ETKİN
6,Ankara,1130,Altındağ,ETKİN
6,Ankara,1157,Ayaş,ETKİN
6,Ankara,1167,Bala,ETKİN
6,Ankara,1187,Beypazarı,ETKİN
6,Ankara,1227,Çamlıdere,ETKİN
6,Ankara,1231,Çankaya,ETKİN
6,Ankara,1260,Çubuk,ETKİN
6,Ankara,1302,Elmadağ,ETKİN
6,Ankara,1365,Güdül,ETKİN
6,Ankara,1387,Haymana,ETKİN
6,Ankara,1427,Kalecik,ETKİN
6,Ankara,1473,Kızılcahamam,ETKİN
6,Ankara,1539,Nallıhan,ETKİN
6,Ankara,1578,Polatlı,ETKİN
6,Ankara,1658,Şereflikoçhisar,ETKİN
6,Ankara,1723,Yenimahalle,ETKİN
6,Ankara,1744,Gölbaşı / Ankara,ETKİN
6,Ankara,1745,Keçiören,ETKİN
6,Ankara,1746,Mamak,ETKİN
6,Ankara,1747,Sincan,ETKİN
6,Ankara,1815,Kazan,ETKİN
6,Ankara,1872,Akyurt,ETKİN
6,Ankara,1922,Etimesgut,ETKİN
6,Ankara,1924,Evren,ETKİN
6,Ankara,2034,Pursaklar,ETKİN
7,Antalya,1121,Akseki,ETKİN
7,Antalya,1126,Alanya,ETKİN
7,Antalya,1138,Antalya Merkez,ETKİN DEĞİL
7,Antalya,1303,Elmalı,ETKİN
7,Antalya,1333,Finike,ETKİN
7,Antalya,1337,Gazipaşa,ETKİN
7,Antalya,1370,Gündoğmuş,ETKİN
7,Antalya,1451,Kaş,ETKİN
7,Antalya,1483,Korkuteli,ETKİN
7,Antalya,1492,Kumluca,ETKİN
7,Antalya,1512,Manavgat,ETKİN
7,Antalya,1616,Serik,ETKİN
7,Antalya,1811,Demre,ETKİN
7,Antalya,1946,İbradı,ETKİN
7,Antalya,1959,Kemer / Antalya,ETKİN
7,Antalya,2035,Aksu / Antalya,ETKİN
7,Antalya,2036,Döşemealtı,ETKİN
7,Antalya,2037,Kepez,ETKİN
7,Antalya,2038,Konyaaltı,ETKİN
7,Antalya,2039,Muratpaşa,ETKİN
8,Artvin,1145,Ardanuç,ETKİN
8,Artvin,1147,Arhavi,ETKİN
8,Artvin,1152,Artvin Merkez,ETKİN
8,Artvin,1202,Borçka,ETKİN
8,Artvin,1395,Hopa,ETKİN
8,Artvin,1653,Şavşat,ETKİN
8,Artvin,1736,Yusufeli,ETKİN
8,Artvin,1828,Murgul,ETKİN
8,Artvin,2105,Kemalpaşa / Artvin,ETKİN DEĞİL
9,Aydın,1159,Aydın Merkez,ETKİN DEĞİL
9,Aydın,1206,Bozdoğan,ETKİN
9,Aydın,1256,Çine,ETKİN
9,Aydın,1348,Germencik,ETKİN
9,Aydın,1435,Karacasu,ETKİN
9,Aydın,1479,Koçarlı,ETKİN
9,Aydın,1497,Kuşadası,ETKİN
9,Aydın,1498,Kuyucak,ETKİN
9,Aydın,1542,Nazilli,ETKİN
9,Aydın,1637,Söke,ETKİN
9,Aydın,1640,Sultanhisar,ETKİN
9,Aydın,1724,Yenipazar / Aydın,ETKİN
9,Aydın,1781,Buharkent,ETKİN
9,Aydın,1807,İncirliova,ETKİN
9,Aydın,1957,Karpuzlu,ETKİN
9,Aydın,1968,Köşk,ETKİN
9,Aydın,2000,Didim,ETKİN
9,Aydın,2076,Efeler,ETKİN
10,Balıkesir,1161,Ayvalık,ETKİN
10,Balıkesir,1168,Balıkesir Merkez,ETKİN DEĞİL
10,Balıkesir,1169,Balya,ETKİN
10,Balıkesir,1171,Bandırma,ETKİN
10,Balıkesir,1191,Bigadiç,ETKİN
10,Balıkesir,1216,Burhaniye,ETKİN
10,Balıkesir,1291,Dursunbey,ETKİN
10,Balıkesir,1294,Edremit / Balıkesir,ETKİN
10,Balıkesir,1310,Erdek,ETKİN
10,Balıkesir,1360,Gönen / Balıkesir,ETKİN
10,Balıkesir,1384,Havran,ETKİN
10,Balıkesir,1418,İvrindi,ETKİN
10,Balıkesir,1462,Kepsut,ETKİN
10,Balıkesir,1514,Manyas,ETKİN
10,Balıkesir,1608,Savaştepe,ETKİN
10,Balıkesir,1619,Sındırgı,ETKİN
10,Balıkesir,1644,Susurluk,ETKİN
10,Balıkesir,1824,Marmara,ETKİN
10,Balıkesir,1928,Gömeç,ETKİN
10,Balıkesir,2077,Altıeylül,ETKİN
10,Balıkesir,2078,Karesi,ETKİN
11,Bilecik,1192,Bilecik Merkez,ETKİN
11,Bilecik,1210,Bozüyük,ETKİN
11,Bilecik,1359,Gölpazarı,ETKİN
11,Bilecik,1559,Osmaneli,ETKİN
11,Bilecik,1571,Pazaryeri,ETKİN
11,Bilecik,1636,Söğüt,ETKİN
11,Bilecik,1857,Yenipazar / Bilecik,ETKİN
11,Bilecik,1948,İnhisar,ETKİN
12,Bingöl,1193,Bingöl Merkez,ETKİN
12,Bingöl,1344,Genç,ETKİN
12,Bingöl,1446,Karlıova,ETKİN
12,Bingöl,1475,Kiğı,ETKİN
12,Bingöl,1633,Solhan,ETKİN
12,Bingöl,1750,Adaklı,ETKİN
12,Bingöl,1855,Yayladere,ETKİN
12,Bingöl,1996,Yedisu,ETKİN
13,Bitlis,1106,Adilcevaz,ETKİN
13,Bitlis,1112,Ahlat,ETKİN
13,Bitlis,1196,Bitlis Merkez,ETKİN
13,Bitlis,1394,Hizan,ETKİN
13,Bitlis,1537,Mutki,ETKİN
13,Bitlis,1669,Tatvan,ETKİN
13,Bitlis,1798,Güroymak,ETKİN
14,Bolu,1199,Bolu Merkez,ETKİN
14,Bolu,1346,Gerede,ETKİN
14,Bolu,1364,Göynük,ETKİN
14,Bolu,1466,Kıbrıscık,ETKİN
14,Bolu,1522,Mengen,ETKİN
14,Bolu,1531,Mudurnu,ETKİN
14,Bolu,1610,Seben,ETKİN
14,Bolu,1916,Dörtdivan,ETKİN
14,Bolu,1997,Yeniçağa,ETKİN
15,Burdur,1109,Ağlasun,ETKİN
15,Burdur,1211,Bucak,ETKİN
15,Burdur,1215,Burdur Merkez,ETKİN
15,Burdur,1357,Gölhisar,ETKİN
15,Burdur,1672,Tefenni,ETKİN
15,Burdur,1728,Yeşilova,ETKİN
15,Burdur,1813,Karamanlı,ETKİN
15,Burdur,1816,Kemer / Burdur,ETKİN
15,Burdur,1874,Altınyayla / Burdur,ETKİN
15,Burdur,1899,Çavdır,ETKİN
15,Burdur,1903,Çeltikçi,ETKİN
16,Bursa,1343,Gemlik,ETKİN
16,Bursa,1411,İnegöl,ETKİN
16,Bursa,1420,İznik,ETKİN
16,Bursa,1434,Karacabey,ETKİN
16,Bursa,1457,Keles,ETKİN
16,Bursa,1530,Mudanya,ETKİN
16,Bursa,1535,Mustafakemalpaşa,ETKİN
16,Bursa,1553,Orhaneli,ETKİN
16,Bursa,1554,Orhangazi,ETKİN
16,Bursa,1725,Yenişehir / Bursa,ETKİN
16,Bursa,1783,Büyükorhan,ETKİN
16,Bursa,1799,Harmancık,ETKİN
16,Bursa,1829,Nilüfer,ETKİN
16,Bursa,1832,Osmangazi,ETKİN
16,Bursa,1859,Yıldırım,ETKİN
16,Bursa,1935,Gürsu,ETKİN
16,Bursa,1960,Kestel,ETKİN
17,Çanakkale,1160,Ayvacık / Çanakkale,ETKİN
17,Çanakkale,1180,Bayramiç,ETKİN
17,Çanakkale,1190,Biga,ETKİN
17,Çanakkale,1205,Bozcaada,ETKİN
17,Çanakkale,1229,Çan,ETKİN
17,Çanakkale,1230,Çanakkale Merkez,ETKİN
17,Çanakkale,1293,Eceabat,ETKİN
17,Çanakkale,1326,Ezine,ETKİN
17,Çanakkale,1340,Gelibolu,ETKİN
17,Çanakkale,1408,Gökçeada,ETKİN
17,Çanakkale,1503,Lapseki,ETKİN
17,Çanakkale,1722,Yenice / Çanakkale,ETKİN
18,Çankırı,1232,Çankırı Merkez,ETKİN
18,Çankırı,1248,Çerkeş,ETKİN
18,Çankırı,1300,Eldivan,ETKİN
18,Çankırı,1399,Ilgaz,ETKİN
18,Çankırı,1494,Kurşunlu,ETKİN
18,Çankırı,1555,Orta,ETKİN
18,Çankırı,1649,Şabanözü,ETKİN
18,Çankırı,1718,Yapraklı,ETKİN
18,Çankırı,1765,Atkaracalar,ETKİN
18,Çankırı,1817,Kızılırmak,ETKİN
18,Çankırı,1885,Bayramören,ETKİN
18,Çankırı,1963,Korgun,ETKİN
19,Çorum,1124,Alaca,ETKİN
19,Çorum,1177,Bayat / Çorum,ETKİN
19,Çorum,1259,Çorum Merkez,ETKİN
19,Çorum,1414,İskilip,ETKİN
19,Çorum,1445,Kargı,ETKİN
19,Çorum,1520,Mecitözü,ETKİN
19,Çorum,1556,Ortaköy / Çorum,ETKİN
19,Çorum,1558,Osmancık,ETKİN
19,Çorum,1642,Sungurlu,ETKİN
19,Çorum,1778,Boğazkale,ETKİN
19,Çorum,1850,Uğurludağ,ETKİN
19,Çorum,1911,Dodurga,ETKİN
19,Çorum,1972,Laçin,ETKİN
19,Çorum,1976,Oğuzlar,ETKİN
20,Denizli,1102,Acıpayam,ETKİN
20,Denizli,1214,Buldan,ETKİN
20,Denizli,1224,Çal,ETKİN
20,Denizli,1226,Çameli,ETKİN
20,Denizli,1233,Çardak,ETKİN
20,Denizli,1257,Çivril,ETKİN
20,Denizli,1271,Denizli Merkez,ETKİN DEĞİL
20,Denizli,1371,Güney,ETKİN
20,Denizli,1426,Kale / Denizli,ETKİN
20,Denizli,1597,Sarayköy,ETKİN
20,Denizli,1670,Tavas,ETKİN
20,Denizli,1769,Babadağ,ETKİN
20,Denizli,1774,Bekilli,ETKİN
20,Denizli,1803,Honaz,ETKİN
20,Denizli,1840,Serinhisar,ETKİN
20,Denizli,1871,Pamukkale,ETKİN
20,Denizli,1881,Baklan,ETKİN
20,Denizli,1888,Beyağaç,ETKİN
20,Denizli,1889,Bozkurt / Denizli,ETKİN
20,Denizli,2079,Merkezefendi,ETKİN
21,Diyarbakır,1195,Bismil,ETKİN
21,Diyarbakır,1249,Çermik,ETKİN
21,Diyarbakır,1253,Çınar,ETKİN
21,Diyarbakır,1263,Çüngüş,ETKİN
21,Diyarbakır,1278,Dicle,ETKİN
21,Diyarbakır,1284,Diyarbakır Merkez,ETKİN DEĞİL
21,Diyarbakır,1315,Ergani,ETKİN
21,Diyarbakır,1381,Hani,ETKİN
21,Diyarbakır,1389,Hazro,ETKİN
21,Diyarbakır,1490,Kulp,ETKİN
21,Diyarbakır,1504,Lice,ETKİN
21,Diyarbakır,1624,Silvan,ETKİN
21,Diyarbakır,1791,Eğil,ETKİN
21,Diyarbakır,1962,Kocaköy,ETKİN
21,Diyarbakır,2040,Bağlar,ETKİN
21,Diyarbakır,2041,Kayapınar,ETKİN
21,Diyarbakır,2042,Sur,ETKİN
21,Diyarbakır,2043,Yenişehir / Diyarbakır,ETKİN
22,Edirne,1295,Edirne Merkez,ETKİN
22,Edirne,1307,Enez,ETKİN
22,Edirne,1385,Havsa,ETKİN
22,Edirne,1412,İpsala,ETKİN
22,Edirne,1464,Keşan,ETKİN
22,Edirne,1502,Lalapaşa,ETKİN
22,Edirne,1523,Meriç,ETKİN
22,Edirne,1705,Uzunköprü,ETKİN
22,Edirne,1988,Süloğlu,ETKİN
23,Elazığ,1110,Ağın,ETKİN
23,Elazığ,1173,Baskil,ETKİN
23,Elazığ,1298,Elazığ Merkez,ETKİN
23,Elazığ,1438,Karakoçan,ETKİN
23,Elazığ,1455,Keban,ETKİN
23,Elazığ,1506,Maden,ETKİN
23,Elazığ,1566,Palu,ETKİN
23,Elazığ,1631,Sivrice,ETKİN
23,Elazığ,1762,Arıcak,ETKİN
23,Elazığ,1820,Kovancılar,ETKİN
23,Elazığ,1873,Alacakaya,ETKİN
24,Erzincan,1243,Çayırlı,ETKİN
24,Erzincan,1318,Erzincan Merkez,ETKİN
24,Erzincan,1406,İliç,ETKİN
24,Erzincan,1459,Kemah,ETKİN
24,Erzincan,1460,Kemaliye,ETKİN
24,Erzincan,1583,Refahiye,ETKİN
24,Erzincan,1675,Tercan,ETKİN
24,Erzincan,1853,Üzümlü,ETKİN
24,Erzincan,1977,Otlukbeli,ETKİN
25,Erzurum,1153,Aşkale,ETKİN
25,Erzurum,1235,Çat,ETKİN
25,Erzurum,1319,Erzurum Merkez,ETKİN DEĞİL
25,Erzurum,1392,Hınıs,ETKİN
25,Erzurum,1396,Horasan,ETKİN
25,Erzurum,1416,İspir,ETKİN
25,Erzurum,1444,Karayazı,ETKİN
25,Erzurum,1540,Narman,ETKİN
25,Erzurum,1550,Oltu,ETKİN
25,Erzurum,1551,Olur,ETKİN
25,Erzurum,1567,Pasinler,ETKİN
25,Erzurum,1657,Şenkaya,ETKİN
25,Erzurum,1674,Tekman,ETKİN
25,Erzurum,1683,Tortum,ETKİN
25,Erzurum,1812,Karaçoban,ETKİN
25,Erzurum,1851,Uzundere,ETKİN
25,Erzurum,1865,Pazaryolu,ETKİN
25,Erzurum,1945,Aziziye,ETKİN
25,Erzurum,1967,Köprüköy,ETKİN
25,Erzurum,2044,Palandöken,ETKİN
25,Erzurum,2045,Yakutiye,ETKİN
26,Eskişehir,1255,Çifteler,ETKİN
26,Eskişehir,1322,Eskişehir Merkez,ETKİN DEĞİL
26,Eskişehir,1508,Mahmudiye,ETKİN
26,Eskişehir,1527,Mihalıççık,ETKİN
26,Eskişehir,1599,Sarıcakaya,ETKİN
26,Eskişehir,1618,Seyitgazi,ETKİN
26,Eskişehir,1632,Sivrihisar,ETKİN
26,Eskişehir,1759,Alpu,ETKİN
26,Eskişehir,1777,Beylikova,ETKİN
26,Eskişehir,1808,İnönü,ETKİN
26,Eskişehir,1934,Günyüzü,ETKİN
26,Eskişehir,1939,Han,ETKİN
26,Eskişehir,1973,Mihalgazi,ETKİN
26,Eskişehir,2046,Odunpazarı,ETKİN
26,Eskişehir,2047,Tepebaşı,ETKİN
27,Gaziantep,1139,Araban,ETKİN
27,Gaziantep,1415,İslahiye,ETKİN
27,Gaziantep,1546,Nizip,ETKİN
27,Gaziantep,1549,Oğuzeli,ETKİN
27,Gaziantep,1720,Yavuzeli,ETKİN
27,Gaziantep,1841,Şahinbey,ETKİN
27,Gaziantep,1844,Şehitkamil,ETKİN
27,Gaziantep,1956,Karkamış,ETKİN
27,Gaziantep,1974,Nurdağı,ETKİN
28,Giresun,1133,Alucra,ETKİN
28,Giresun,1212,Bulancak,ETKİN
28,Giresun,1272,Dereli,ETKİN
28,Giresun,1320,Espiye,ETKİN
28,Giresun,1324,Eynesil,ETKİN
28,Giresun,1352,Giresun Merkez,ETKİN
28,Giresun,1361,Görele,ETKİN
28,Giresun,1465,Keşap,ETKİN
28,Giresun,1654,Şebinkarahisar,ETKİN
28,Giresun,1678,Tirebolu,ETKİN
28,Giresun,1837,Piraziz,ETKİN
28,Giresun,1854,Yağlıdere,ETKİN
28,Giresun,1893,Çamoluk,ETKİN
28,Giresun,1894,Çanakçı,ETKİN
28,Giresun,1912,Doğankent,ETKİN
28,Giresun,1930,Güce,ETKİN
29,Gümüşhane,1369,Gümüşhane Merkez,ETKİN
29,Gümüşhane,1458,Kelkit,ETKİN
29,Gümüşhane,1660,Şiran,ETKİN
29,Gümüşhane,1684,Torul,ETKİN
29,Gümüşhane,1822,Köse,ETKİN
29,Gümüşhane,1971,Kürtün,ETKİN
30,Hakkari,1261,Çukurca,ETKİN
30,Hakkari,1377,Hakkari Merkez,ETKİN
30,Hakkari,1656,Şemdinli,ETKİN
30,Hakkari,1737,Yüksekova,ETKİN
31,Hatay,1131,Altınözü,ETKİN
31,Hatay,1289,Dörtyol,ETKİN
31,Hatay,1382,Hassa,ETKİN
31,Hatay,1383,Hatay Merkez,ETKİN DEĞİL
31,Hatay,1413,İskenderun,ETKİN
31,Hatay,1468,Kırıkhan,ETKİN
31,Hatay,1585,Reyhanlı,ETKİN
31,Hatay,1591,Samandağ,ETKİN
31,Hatay,1721,Yayladağı,ETKİN
31,Hatay,1792,Erzin,ETKİN
31,Hatay,1887,Belen,ETKİN
31,Hatay,1970,Kumlu,ETKİN
31,Hatay,2080,Antakya,ETKİN
31,Hatay,2081,Arsuz,ETKİN
31,Hatay,2082,Defne,ETKİN
31,Hatay,2083,Payas,ETKİN
32,Isparta,1154,Atabey,ETKİN
32,Isparta,1297,Eğirdir,ETKİN
32,Isparta,1341,Gelendost,ETKİN
32,Isparta,1401,Isparta Merkez,ETKİN
32,Isparta,1456,Keçiborlu,ETKİN
32,Isparta,1615,Senirkent,ETKİN
32,Isparta,1648,Sütçüler,ETKİN
32,Isparta,1651,Şarkikaraağaç,ETKİN
32,Isparta,1699,Uluborlu,ETKİN
32,Isparta,1717,Yalvaç,ETKİN
32,Isparta,1755,Aksu / Isparta,ETKİN
32,Isparta,1929,Gönen / Isparta,ETKİN
32,Isparta,2001,Yenişarbademli,ETKİN
33,Mersin,1135,Anamur,ETKİN
33,Mersin,1311,Erdemli,ETKİN
33,Mersin,1366,Gülnar,ETKİN
33,Mersin,1402,Mersin Merkez,ETKİN DEĞİL
33,Mersin,1536,Mut,ETKİN
33,Mersin,1621,Silifke,ETKİN
33,Mersin,1665,Tarsus,ETKİN
33,Mersin,1766,Aydıncık / Mersin,ETKİN
33,Mersin,1779,Bozyazı,ETKİN
33,Mersin,1892,Çamlıyayla,ETKİN
33,Mersin,2064,Akdeniz,ETKİN
33,Mersin,2065,Mezitli,ETKİN
33,Mersin,2066,Toroslar,ETKİN
33,Mersin,2067,Yenişehir / Mersin,ETKİN
34,İstanbul,1103,Adalar,ETKİN
34,İstanbul,1166,Bakırköy,ETKİN
34,İstanbul,1183,Beşiktaş,ETKİN
34,İstanbul,1185,Beykoz,ETKİN
34,İstanbul,1186,Beyoğlu,ETKİN
34,İstanbul,1237,Çatalca,ETKİN
34,İstanbul,1305,Eminönü,ETKİN DEĞİL
34,İstanbul,1325,Eyüp,ETKİN
34,İstanbul,1327,Fatih,ETKİN
34,İstanbul,1336,Gaziosmanpaşa,ETKİN
34,İstanbul,1421,Kadıköy,ETKİN
34,İstanbul,1449,Kartal,ETKİN
34,İstanbul,1604,Sarıyer,ETKİN
34,İstanbul,1622,Silivri,ETKİN
34,İstanbul,1659,Şile,ETKİN
34,İstanbul,1663,Şişli,ETKİN
34,İstanbul,1708,Üsküdar,ETKİN
34,İstanbul,1739,Zeytinburnu,ETKİN
34,İstanbul,1782,Büyükçekmece,ETKİN
34,İstanbul,1810,Kağıthane,ETKİN
34,İstanbul,1823,Küçükçekmece,ETKİN
34,İstanbul,1835,Pendik,ETKİN
34,İstanbul,1852,Ümraniye,ETKİN
34,İstanbul,1886,Bayrampaşa,ETKİN
34,İstanbul,2003,Avcılar,ETKİN
34,İstanbul,2004,Bağcılar,ETKİN
34,İstanbul,2005,Bahçelievler,ETKİN
34,İstanbul,2010,Güngören,ETKİN
34,İstanbul,2012,Maltepe,ETKİN
34,İstanbul,2014,Sultanbeyli,ETKİN
34,İstanbul,2015,Tuzla,ETKİN
34,İstanbul,2016,Esenler,ETKİN
34,İstanbul,2048,Arnavutköy,ETKİN
34,İstanbul,2049,Ataşehir,ETKİN
34,İstanbul,2050,Başakşehir,ETKİN
34,İstanbul,2051,Beylikdüzü,ETKİN
34,İstanbul,2052,Çekmeköy,ETKİN
34,İstanbul,2053,Esenyurt,ETKİN
34,İstanbul,2054,Sancaktepe,ETKİN
34,İstanbul,2055,Sultangazi,ETKİN
35,İzmir,1128,Aliağa,ETKİN
35,İzmir,1178,Bayındır,ETKİN
35,İzmir,1181,Bergama,ETKİN
35,İzmir,1203,Bornova,ETKİN
35,İzmir,1251,Çeşme,ETKİN
35,İzmir,1280,Dikili,ETKİN
35,İzmir,1334,Foça,ETKİN
35,İzmir,1432,Karaburun,ETKİN
35,İzmir,1448,Karşıyaka,ETKİN
35,İzmir,1461,Kemalpaşa / İzmir,ETKİN
35,İzmir,1467,Kınık,ETKİN
35,İzmir,1477,Kiraz,ETKİN
35,İzmir,1521,Menemen,ETKİN
35,İzmir,1563,Ödemiş,ETKİN
35,İzmir,1611,Seferihisar,ETKİN
35,İzmir,1612,Selçuk,ETKİN
35,İzmir,1677,Tire,ETKİN
35,İzmir,1682,Torbalı,ETKİN
35,İzmir,1703,Urla,ETKİN
35,İzmir,1776,Beydağ,ETKİN
35,İzmir,1780,Buca,ETKİN
35,İzmir,1819,Konak,ETKİN
35,İzmir,1826,Menderes,ETKİN
35,İzmir,2006,Balçova,ETKİN
35,İzmir,2007,Çiğli,ETKİN
35,İzmir,2009,Gaziemir,ETKİN
35,İzmir,2013,Narlıdere,ETKİN
35,İzmir,2018,Güzelbahçe,ETKİN
35,İzmir,2056,Bayraklı,ETKİN
35,İzmir,2057,Karabağlar,ETKİN
36,Kars,1149,Arpaçay,ETKİN
36,Kars,1279,Digor,ETKİN
36,Kars,1424,Kağızman,ETKİN
36,Kars,1447,Kars Merkez,ETKİN
36,Kars,1601,Sarıkamış,ETKİN
36,Kars,1614,Selim,ETKİN
36,Kars,1645,Susuz,ETKİN
36,Kars,1756,Akyaka,ETKİN
37,Kastamonu,1101,Abana,ETKİN
37,Kastamonu,1140,Araç,ETKİN
37,Kastamonu,1162,Azdavay,ETKİN
37,Kastamonu,1208,Bozkurt / Kastamonu,ETKİN
37,Kastamonu,1221,Cide,ETKİN
37,Kastamonu,1238,Çatalzeytin,ETKİN
37,Kastamonu,1264,Daday,ETKİN
37,Kastamonu,1277,Devrekani,ETKİN
37,Kastamonu,1410,İnebolu,ETKİN
37,Kastamonu,1450,Kastamonu Merkez,ETKİN
37,Kastamonu,1499,Küre,ETKİN
37,Kastamonu,1666,Taşköprü,ETKİN
37,Kastamonu,1685,Tosya,ETKİN
37,Kastamonu,1805,İhsangazi,ETKİN
37,Kastamonu,1836,Pınarbaşı / Kastamonu,ETKİN
37,Kastamonu,1845,Şenpazar,ETKİN
37,Kastamonu,1867,Ağlı,ETKİN
37,Kastamonu,1915,Doğanyurt,ETKİN
37,Kastamonu,1940,Hanönü,ETKİN
37,Kastamonu,1984,Seydiler,ETKİN
38,Kayseri,1218,Bünyan,ETKİN
38,Kayseri,1275,Develi,ETKİN
38,Kayseri,1330,Felahiye,ETKİN
38,Kayseri,1409,İncesu,ETKİN
38,Kayseri,1576,Pınarbaşı / Kayseri,ETKİN
38,Kayseri,1603,Sarıoğlan,ETKİN
38,Kayseri,1605,Sarız,ETKİN
38,Kayseri,1680,Tomarza,ETKİN
38,Kayseri,1715,Yahyalı,ETKİN
38,Kayseri,1727,Yeşilhisar,ETKİN
38,Kayseri,1752,Akkışla,ETKİN
38,Kayseri,1846,Talas,ETKİN
38,Kayseri,1863,Kocasinan,ETKİN
38,Kayseri,1864,Melikgazi,ETKİN
38,Kayseri,1936,Hacılar,ETKİN
38,Kayseri,1978,Özvatan,ETKİN
39,Kırklareli,1163,Babaeski,ETKİN
39,Kırklareli,1270,Demirköy,ETKİN
39,Kırklareli,1471,Kırklareli Merkez,ETKİN
39,Kırklareli,1480,Kofçaz,ETKİN
39,Kırklareli,1505,Lüleburgaz,ETKİN
39,Kırklareli,1572,Pehlivanköy,ETKİN
39,Kırklareli,1577,Pınarhisar,ETKİN
39,Kırklareli,1714,Vize,ETKİN
40,Kırşehir,1254,Çiçekdağı,ETKİN
40,Kırşehir,1429,Kaman,ETKİN
40,Kırşehir,1472,Kırşehir Merkez,ETKİN
40,Kırşehir,1529,Mucur,ETKİN
40,Kırşehir,1754,Akpınar,ETKİN
40,Kırşehir,1869,Akçakent,ETKİN
40,Kırşehir,1890,Boztepe,ETKİN
41,Kocaeli,1338,Gebze,ETKİN
41,Kocaeli,1355,Gölcük,ETKİN
41,Kocaeli,1430,Kandıra,ETKİN
41,Kocaeli,1440,Karamürsel,ETKİN
41,Kocaeli,1478,Kocaeli Merkez,ETKİN DEĞİL
41,Kocaeli,1821,Körfez,ETKİN
41,Kocaeli,2030,Derince,ETKİN
41,Kocaeli,2058,Başiskele,ETKİN
41,Kocaeli,2059,Çayırova,ETKİN
41,Kocaeli,2060,Darıca,ETKİN
41,Kocaeli,2061,Dilovası,ETKİN
41,Kocaeli,2062,İzmit,ETKİN
41,Kocaeli,2063,Kartepe,ETKİN
42,Konya,1122,Akşehir,ETKİN
42,Konya,1188,Beyşehir,ETKİN
42,Konya,1207,Bozkır,ETKİN
42,Konya,1222,Cihanbeyli,ETKİN
42,Konya,1262,Çumra,ETKİN
42,Konya,1285,Doğanhisar,ETKİN
42,Konya,1312,Ereğli / Konya,ETKİN
42,Konya,1375,Hadim,ETKİN
42,Konya,1400,Ilgın,ETKİN
42,Konya,1422,Kadınhanı,ETKİN
42,Konya,1441,Karapınar,ETKİN
42,Konya,1491,Kulu,ETKİN
42,Konya,1598,Sarayönü,ETKİN
42,Konya,1617,Seydişehir,ETKİN
42,Konya,1735,Yunak,ETKİN
42,Konya,1753,Akören,ETKİN
42,Konya,1760,Altınekin,ETKİN
42,Konya,1789,Derebucak,ETKİN
42,Konya,1804,Hüyük,ETKİN
42,Konya,1814,Karatay,ETKİN
42,Konya,1827,Meram,ETKİN
42,Konya,1839,Selçuklu,ETKİN
42,Konya,1848,Taşkent,ETKİN
42,Konya,1868,Ahırlı,ETKİN
42,Konya,1902,Çeltik,ETKİN
42,Konya,1907,Derbent,ETKİN
42,Konya,1920,Emirgazi,ETKİN
42,Konya,1933,Güneysınır,ETKİN
42,Konya,1937,Halkapınar,ETKİN
42,Konya,1990,Tuzlukçu,ETKİN
42,Konya,1994,Yalıhüyük,ETKİN
43,Kütahya,1132,Altıntaş,ETKİN
43,Kütahya,1288,Domaniç,ETKİN
43,Kütahya,1304,Emet,ETKİN
43,Kütahya,1339,Gediz,ETKİN
43,Kütahya,1500,Kütahya Merkez,ETKİN
43,Kütahya,1625,Simav,ETKİN
43,Kütahya,1671,Tavşanlı,ETKİN
43,Kütahya,1764,Aslanapa,ETKİN
43,Kütahya,1790,Dumlupınar,ETKİN
43,Kütahya,1802,Hisarcık,ETKİN
43,Kütahya,1843,Şaphane,ETKİN
43,Kütahya,1898,Çavdarhisar,ETKİN
43,Kütahya,1979,Pazarlar,ETKİN
44,Malatya,1114,Akçadağ,ETKİN
44,Malatya,1143,Arapgir,ETKİN
44,Malatya,1148,Arguvan,ETKİN
44,Malatya,1265,Darende,ETKİN
44,Malatya,1286,Doğanşehir,ETKİN
44,Malatya,1390,Hekimhan,ETKİN
44,Malatya,1509,Malatya Merkez,ETKİN DEĞİL
44,Malatya,1582,Pütürge,ETKİN
44,Malatya,1729,Yeşilyurt / Malatya,ETKİN
44,Malatya,1772,Battalgazi,ETKİN
44,Malatya,1914,Doğanyol,ETKİN
44,Malatya,1953,Kale / Malatya,ETKİN
44,Malatya,1969,Kuluncak,ETKİN
44,Malatya,1995,Yazıhan,ETKİN
45,Manisa,1118,Akhisar,ETKİN
45,Manisa,1127,Alaşehir,ETKİN
45,Manisa,1269,Demirci,ETKİN
45,Manisa,1362,Gördes,ETKİN
45,Manisa,1470,Kırkağaç,ETKİN
45,Manisa,1489,Kula,ETKİN
45,Manisa,1513,Manisa Merkez,ETKİN DEĞİL
45,Manisa,1590,Salihli,ETKİN
45,Manisa,1600,Sarıgöl,ETKİN
45,Manisa,1606,Saruhanlı,ETKİN
45,Manisa,1613,Selendi,ETKİN
45,Manisa,1634,Soma,ETKİN
45,Manisa,1689,Turgutlu,ETKİN
45,Manisa,1751,Ahmetli,ETKİN
45,Manisa,1793,Gölmarmara,ETKİN
45,Manisa,1965,Köprübaşı / Manisa,ETKİN
45,Manisa,2086,Şehzadeler,ETKİN
45,Manisa,2087,Yunusemre,ETKİN
46,Kahramanmaraş,1107,Afşin,ETKİN
46,Kahramanmaraş,1136,Andırın,ETKİN
46,Kahramanmaraş,1299,Elbistan,ETKİN
46,Kahramanmaraş,1353,Göksun,ETKİN
46,Kahramanmaraş,1515,Kahramanmaraş Merkez,ETKİN DEĞİL
46,Kahramanmaraş,1570,Pazarcık,ETKİN
46,Kahramanmaraş,1694,Türkoğlu,ETKİN
46,Kahramanmaraş,1785,Çağlayancerit,ETKİN
46,Kahramanmaraş,1919,Ekinözü,ETKİN
46,Kahramanmaraş,1975,Nurhak,ETKİN
46,Kahramanmaraş,2084,Dulkadiroğlu,ETKİN
46,Kahramanmaraş,2085,Onikişubat,ETKİN
47,Mardin,1273,Derik,ETKİN
47,Mardin,1474,Kızıltepe,ETKİN
47,Mardin,1516,Mardin Merkez,ETKİN DEĞİL
47,Mardin,1519,Mazıdağı,ETKİN
47,Mardin,1526,Midyat,ETKİN
47,Mardin,1547,Nusaybin,ETKİN
47,Mardin,1564,Ömerli,ETKİN
47,Mardin,1609,Savur,ETKİN
47,Mardin,1787,Dargeçit,ETKİN
47,Mardin,2002,Yeşilli,ETKİN
47,Mardin,2088,Artuklu,ETKİN
48,Muğla,1197,Bodrum,ETKİN
48,Muğla,1266,Datça,ETKİN
48,Muğla,1331,Fethiye,ETKİN
48,Muğla,1488,Köyceğiz,ETKİN
48,Muğla,1517,Marmaris,ETKİN
48,Muğla,1528,Milas,ETKİN
48,Muğla,1532,Muğla Merkez,ETKİN DEĞİL
48,Muğla,1695,Ula,ETKİN
48,Muğla,1719,Yatağan,ETKİN
48,Muğla,1742,Dalaman,ETKİN
48,Muğla,1831,Ortaca,ETKİN
48,Muğla,1958,Kavaklıdere,ETKİN
48,Muğla,2089,Menteşe,ETKİN
48,Muğla,2090,Seydikemer,ETKİN
49,Muş,1213,Bulanık,ETKİN
49,Muş,1510,Malazgirt,ETKİN
49,Muş,1534,Muş Merkez,ETKİN
49,Muş,1711,Varto,ETKİN
49,Muş,1801,Hasköy,ETKİN
49,Muş,1964,Korkut,ETKİN
50,Nevşehir,1155,Avanos,ETKİN
50,Nevşehir,1274,Derinkuyu,ETKİN
50,Nevşehir,1367,Gülşehir,ETKİN
50,Nevşehir,1374,Hacıbektaş,ETKİN
50,Nevşehir,1485,Kozaklı,ETKİN
50,Nevşehir,1543,Nevşehir Merkez,ETKİN
50,Nevşehir,1707,Ürgüp,ETKİN
50,Nevşehir,1749,Acıgöl,ETKİN
51,Niğde,1201,Bor,ETKİN
51,Niğde,1225,Çamardı,ETKİN
51,Niğde,1544,Niğde Merkez,ETKİN
51,Niğde,1700,Ulukışla,ETKİN
51,Niğde,1876,Altunhisar,ETKİN
51,Niğde,1904,Çiftlik,ETKİN
52,Ordu,1119,Akkuş,ETKİN
52,Ordu,1158,Aybastı,ETKİN
52,Ordu,1328,Fatsa,ETKİN
52,Ordu,1358,Gölköy,ETKİN
52,Ordu,1482,Korgan,ETKİN
52,Ordu,1493,Kumru,ETKİN
52,Ordu,1525,Mesudiye,ETKİN
52,Ordu,1552,Ordu Merkez,ETKİN DEĞİL
52,Ordu,1573,Perşembe,ETKİN
52,Ordu,1696,Ulubey / Ordu,ETKİN
52,Ordu,1706,Ünye,ETKİN
52,Ordu,1795,Gülyalı,ETKİN
52,Ordu,1797,Gürgentepe,ETKİN
52,Ordu,1891,Çamaş,ETKİN
52,Ordu,1897,Çatalpınar,ETKİN
52,Ordu,1900,Çaybaşı,ETKİN
52,Ordu,1947,İkizce,ETKİN
52,Ordu,1950,Kabadüz,ETKİN
52,Ordu,1951,Kabataş,ETKİN
52,Ordu,2103,Altınordu,ETKİN
53,Rize,1146,Ardeşen,ETKİN
53,Rize,1228,Çamlıhemşin,ETKİN
53,Rize,1241,Çayeli,ETKİN
53,Rize,1332,Fındıklı,ETKİN
53,Rize,1405,İkizdere,ETKİN
53,Rize,1428,Kalkandere,ETKİN
53,Rize,1569,Pazar / Rize,ETKİN
53,Rize,1586,Rize Merkez,ETKİN
53,Rize,1796,Güneysu,ETKİN
53,Rize,1908,Derepazarı,ETKİN
53,Rize,1943,Hemşin,ETKİN
53,Rize,1949,İyidere,ETKİN
54,Sakarya,1123,Akyazı,ETKİN
54,Sakarya,1351,Geyve,ETKİN
54,Sakarya,1391,Hendek,ETKİN
54,Sakarya,1442,Karasu,ETKİN
54,Sakarya,1453,Kaynarca,ETKİN
54,Sakarya,1589,Sakarya Merkez,ETKİN DEĞİL
54,Sakarya,1595,Sapanca,ETKİN
54,Sakarya,1818,Kocaali,ETKİN
54,Sakarya,1833,Pamukova,ETKİN
54,Sakarya,1847,Taraklı,ETKİN
54,Sakarya,1925,Ferizli,ETKİN
54,Sakarya,1955,Karapürçek,ETKİN
54,Sakarya,1986,Söğütlü,ETKİN
54,Sakarya,2068,Adapazarı,ETKİN
54,Sakarya,2069,Arifiye,ETKİN
54,Sakarya,2070,Erenler,ETKİN
54,Sakarya,2071,Serdivan,ETKİN
55,Samsun,1125,Alaçam,ETKİN
55,Samsun,1164,Bafra,ETKİN
55,Samsun,1234,Çarşamba,ETKİN
55,Samsun,1386,Havza,ETKİN
55,Samsun,1452,Kavak,ETKİN
55,Samsun,1501,Ladik,ETKİN
55,Samsun,1593,Samsun Merkez,ETKİN DEĞİL
55,Samsun,1676,Terme,ETKİN
55,Samsun,1712,Vezirköprü,ETKİN
55,Samsun,1763,Asarcık,ETKİN
55,Samsun,1830,19 Mayıs,ETKİN
55,Samsun,1838,Salıpazarı,ETKİN
55,Samsun,1849,Tekkeköy,ETKİN
55,Samsun,1879,Ayvacık / Samsun,ETKİN
55,Samsun,1993,Yakakent,ETKİN
55,Samsun,2072,Atakum,ETKİN
55,Samsun,2073,Canik,ETKİN
55,Samsun,2074,İlkadım,ETKİN
56,Siirt,1179,Baykan,ETKİN
56,Siirt,1317,Eruh,ETKİN
56,Siirt,1495,Kurtalan,ETKİN
56,Siirt,1575,Pervari,ETKİN
56,Siirt,1620,Siirt Merkez,ETKİN
56,Siirt,1662,Şirvan,ETKİN
56,Siirt,1878,Tillo,ETKİN
57,Sinop,1156,Ayancık,ETKİN
57,Sinop,1204,Boyabat,ETKİN
57,Sinop,1290,Durağan,ETKİN
57,Sinop,1314,Erfelek,ETKİN
57,Sinop,1349,Gerze,ETKİN
57,Sinop,1627,Sinop Merkez,ETKİN
57,Sinop,1693,Türkeli,ETKİN
57,Sinop,1910,Dikmen,ETKİN
57,Sinop,1981,Saraydüzü,ETKİN
58,Sivas,1282,Divriği,ETKİN
58,Sivas,1342,Gemerek,ETKİN
58,Sivas,1373,Gürün,ETKİN
58,Sivas,1376,Hafik,ETKİN
58,Sivas,1407,İmranlı,ETKİN
58,Sivas,1431,Kangal,ETKİN
58,Sivas,1484,Koyulhisar,ETKİN
58,Sivas,1628,Sivas Merkez,ETKİN
58,Sivas,1646,Suşehri,ETKİN
58,Sivas,1650,Şarkışla,ETKİN
58,Sivas,1731,Yıldızeli,ETKİN
58,Sivas,1738,Zara,ETKİN
58,Sivas,1870,Akıncılar,ETKİN
58,Sivas,1875,Altınyayla / Sivas,ETKİN
58,Sivas,1913,Doğanşar,ETKİN
58,Sivas,1927,Gölova,ETKİN
58,Sivas,1991,Ulaş,ETKİN
59,Tekirdağ,1250,Çerkezköy,ETKİN
59,Tekirdağ,1258,Çorlu,ETKİN
59,Tekirdağ,1388,Hayrabolu,ETKİN
59,Tekirdağ,1511,Malkara,ETKİN
59,Tekirdağ,1538,Muratlı,ETKİN
59,Tekirdağ,1596,Saray / Tekirdağ,ETKİN
59,Tekirdağ,1652,Şarköy,ETKİN
59,Tekirdağ,1673,Tekirdağ Merkez,ETKİN DEĞİL
59,Tekirdağ,1825,Marmaraereğlisi,ETKİN
59,Tekirdağ,2094,Ergene,ETKİN
59,Tekirdağ,2095,Kapaklı,ETKİN
59,Tekirdağ,2096,Süleymanpaşa,ETKİN
60,Tokat,1129,Almus,ETKİN
60,Tokat,1151,Artova,ETKİN
60,Tokat,1308,Erbaa,ETKİN
60,Tokat,1545,Niksar,ETKİN
60,Tokat,1584,Reşadiye,ETKİN
60,Tokat,1679,Tokat Merkez,ETKİN
60,Tokat,1690,Turhal,ETKİN
60,Tokat,1740,Zile,ETKİN
60,Tokat,1834,Pazar / Tokat,ETKİN
60,Tokat,1858,Yeşilyurt / Tokat,ETKİN
60,Tokat,1883,Başçiftlik,ETKİN
60,Tokat,1987,Sulusaray,ETKİN
61,Trabzon,1113,Akçaabat,ETKİN
61,Trabzon,1141,Araklı,ETKİN
61,Trabzon,1150,Arsin,ETKİN
61,Trabzon,1244,Çaykara,ETKİN
61,Trabzon,1507,Maçka,ETKİN
61,Trabzon,1548,Of,ETKİN
61,Trabzon,1647,Sürmene,ETKİN
61,Trabzon,1681,Tonya,ETKİN
61,Trabzon,1686,Trabzon Merkez,ETKİN DEĞİL
61,Trabzon,1709,Vakfıkebir,ETKİN
61,Trabzon,1732,Yomra,ETKİN
61,Trabzon,1775,Beşikdüzü,ETKİN
61,Trabzon,1842,Şalpazarı,ETKİN
61,Trabzon,1896,Çarşıbaşı,ETKİN
61,Trabzon,1909,Dernekpazarı,ETKİN
61,Trabzon,1917,Düzköy,ETKİN
61,Trabzon,1942,Hayrat,ETKİN
61,Trabzon,1966,Köprübaşı / Trabzon,ETKİN
61,Trabzon,2097,Ortahisar,ETKİN
62,Tunceli,1247,Çemişgezek,ETKİN
62,Tunceli,1397,Hozat,ETKİN
62,Tunceli,1518,Mazgirt,ETKİN
62,Tunceli,1541,Nazımiye,ETKİN
62,Tunceli,1562,Ovacık / Tunceli,ETKİN
62,Tunceli,1574,Pertek,ETKİN
62,Tunceli,1581,Pülümür,ETKİN
62,Tunceli,1688,Tunceli Merkez,ETKİN
63,Şanlıurfa,1115,Akçakale,ETKİN
63,Şanlıurfa,1194,Birecik,ETKİN
63,Şanlıurfa,1209,Bozova,ETKİN
63,Şanlıurfa,1220,Ceylanpınar,ETKİN
63,Şanlıurfa,1378,Halfeti,ETKİN
63,Şanlıurfa,1393,Hilvan,ETKİN
63,Şanlıurfa,1630,Siverek,ETKİN
63,Şanlıurfa,1643,Suruç,ETKİN
63,Şanlıurfa,1702,Şanlıurfa Merkez,ETKİN DEĞİL
63,Şanlıurfa,1713,Viranşehir,ETKİN
63,Şanlıurfa,1800,Harran,ETKİN
63,Şanlıurfa,2091,Eyyübiye,ETKİN
63,Şanlıurfa,2092,Haliliye,ETKİN
63,Şanlıurfa,2093,Karaköprü,ETKİN
64,Uşak,1170,Banaz,ETKİN
64,Uşak,1323,Eşme,ETKİN
64,Uşak,1436,Karahallı,ETKİN
64,Uşak,1629,Sivaslı,ETKİN
64,Uşak,1697,Ulubey / Uşak,ETKİN
64,Uşak,1704,Uşak Merkez,ETKİN
65,Van,1175,Başkale,ETKİN
65,Van,1236,Çatak,ETKİN
65,Van,1309,Erciş,ETKİN
65,Van,1350,Gevaş,ETKİN
65,Van,1372,Gürpınar,ETKİN
65,Van,1533,Muradiye,ETKİN
65,Van,1565,Özalp,ETKİN
65,Van,1710,Van Merkez,ETKİN DEĞİL
65,Van,1770,Bahçesaray,ETKİN
65,Van,1786,Çaldıran,ETKİN
65,Van,1918,Edremit / Van,ETKİN
65,Van,1980,Saray / Van,ETKİN
65,Van,2098,İpekyolu,ETKİN
65,Van,2099,Tuşba,ETKİN
66,Yozgat,1117,Akdağmadeni,ETKİN
66,Yozgat,1198,Boğazlıyan,ETKİN
66,Yozgat,1242,Çayıralan,ETKİN
66,Yozgat,1245,Çekerek,ETKİN
66,Yozgat,1602,Sarıkaya,ETKİN
66,Yozgat,1635,Sorgun,ETKİN
66,Yozgat,1655,Şefaatli,ETKİN
66,Yozgat,1726,Yerköy,ETKİN
66,Yozgat,1733,Yozgat Merkez,ETKİN
66,Yozgat,1877,Aydıncık / Yozgat,ETKİN
66,Yozgat,1895,Çandır,ETKİN
66,Yozgat,1952,Kadışehri,ETKİN
66,Yozgat,1982,Saraykent,ETKİN
66,Yozgat,1998,Yenifakılı,ETKİN
67,Zonguldak,1240,Çaycuma,ETKİN
67,Zonguldak,1276,Devrek,ETKİN
67,Zonguldak,1313,Ereğli / Zonguldak,ETKİN
67,Zonguldak,1741,Zonguldak Merkez,ETKİN
67,Zonguldak,1758,Alaplı,ETKİN
67,Zonguldak,1926,Gökçebey,ETKİN
67,Zonguldak,2100,Kilimli,ETKİN
67,Zonguldak,2101,Kozlu,ETKİN
68,Aksaray,1120,Aksaray Merkez,ETKİN
68,Aksaray,1557,Ortaköy / Aksaray,ETKİN
68,Aksaray,1860,Ağaçören,ETKİN
68,Aksaray,1861,Güzelyurt,ETKİN
68,Aksaray,1866,Sarıyahşi,ETKİN
68,Aksaray,1921,Eskil,ETKİN
68,Aksaray,1932,Gülağaç,ETKİN
68,Aksaray,2106,Sultanhanı,ETKİN DEĞİL
69,Bayburt,1176,Bayburt Merkez,ETKİN
69,Bayburt,1767,Aydıntepe,ETKİN
69,Bayburt,1788,Demirözü,ETKİN
70,Karaman,1316,Ermenek,ETKİN
70,Karaman,1439,Karaman Merkez,ETKİN
70,Karaman,1768,Ayrancı,ETKİN
70,Karaman,1862,Kazımkarabekir,ETKİN
70,Karaman,1884,Başyayla,ETKİN
70,Karaman,1983,Sarıveliler,ETKİN
71,Kırıkkale,1268,Delice,ETKİN
71,Kırıkkale,1463,Keskin,ETKİN
71,Kırıkkale,1469,Kırıkkale Merkez,ETKİN
71,Kırıkkale,1638,Sulakyurt,ETKİN
71,Kırıkkale,1880,Bahşili,ETKİN
71,Kırıkkale,1882,Balışeyh,ETKİN
71,Kırıkkale,1901,Çelebi,ETKİN
71,Kırıkkale,1954,Karakeçili,ETKİN
71,Kırıkkale,1992,Yahşihan,ETKİN
72,Batman,1174,Batman Merkez,ETKİN
72,Batman,1184,Beşiri,ETKİN
72,Batman,1345,Gercüş,ETKİN
72,Batman,1487,Kozluk,ETKİN
72,Batman,1607,Sason,ETKİN
72,Batman,1941,Hasankeyf,ETKİN
73,Şırnak,1189,Beytüşşebap,ETKİN
73,Şırnak,1223,Cizre,ETKİN
73,Şırnak,1403,İdil,ETKİN
73,Şırnak,1623,Silopi,ETKİN
73,Şırnak,1661,Şırnak Merkez,ETKİN
73,Şırnak,1698,Uludere,ETKİN
73,Şırnak,1931,Güçlükonak,ETKİN
74,Bartın,1172,Bartın Merkez,ETKİN
74,Bartın,1496,Kurucaşile,ETKİN
74,Bartın,1701,Ulus,ETKİN
74,Bartın,1761,Amasra,ETKİN
75,Ardahan,1144,Ardahan Merkez,ETKİN
75,Ardahan,1252,Çıldır,ETKİN
75,Ardahan,1356,Göle,ETKİN
75,Ardahan,1380,Hanak,ETKİN
75,Ardahan,1579,Posof,ETKİN
75,Ardahan,2008,Damal,ETKİN
76,Iğdır,1142,Aralık,ETKİN
76,Iğdır,1398,Iğdır Merkez,ETKİN
76,Iğdır,1692,Tuzluca,ETKİN
76,Iğdır,2011,Karakoyunlu,ETKİN
77,Yalova,1716,Yalova Merkez,ETKİN
77,Yalova,2019,Altınova,ETKİN
77,Yalova,2020,Armutlu,ETKİN
77,Yalova,2021,Çınarcık,ETKİN
77,Yalova,2022,Çiftlikköy,ETKİN
77,Yalova,2026,Termal,ETKİN
78,Karabük,1296,Eflani,ETKİN
78,Karabük,1321,Eskipazar,ETKİN
78,Karabük,1433,Karabük Merkez,ETKİN
78,Karabük,1561,Ovacık / Karabük,ETKİN
78,Karabük,1587,Safranbolu,ETKİN
78,Karabük,1856,Yenice / Karabük,ETKİN
79,Kilis,1476,Kilis Merkez,ETKİN
79,Kilis,2023,Elbeyli,ETKİN
79,Kilis,2024,Musabeyli,ETKİN
79,Kilis,2025,Polateli,ETKİN
80,Osmaniye,1165,Bahçe,ETKİN
80,Osmaniye,1423,Kadirli,ETKİN
80,Osmaniye,1560,Osmaniye Merkez,ETKİN
80,Osmaniye,1743,Düziçi,ETKİN
80,Osmaniye,2027,Hasanbeyli,ETKİN
80,Osmaniye,2028,Sumbas,ETKİN
80,Osmaniye,2029,Toprakkale,ETKİN
81,Düzce,1116,Akçakoca,ETKİN
81,Düzce,1292,Düzce Merkez,ETKİN
81,Düzce,1730,Yığılca,ETKİN
81,Düzce,1784,Cumayeri,ETKİN
81,Düzce,1794,Gölyaka,ETKİN
81,Düzce,1905,Çilimli,ETKİN
81,Düzce,2017,Gümüşova,ETKİN
81,Düzce,2031,Kaynaşlı,ETKİN
q5ryh,w54h,qe5hgg,qe5yh,q35h
